num_top_features,hid,layers,cost,epoch_converged,total_time,epoch,lr,k,p,r,train_count,seed
0.0,64,2,0.3594155117839435,8,34.27714204788208,1000,0.01,1.0,,,140.0,42.0
0.0,64,2,0.318127669881651,0,35.612242698669434,1000,0.01,5.0,,,140.0,42.0
0.0,64,2,0.3091538688767866,0,34.56666398048401,1000,0.01,10.0,,,140.0,42.0
0.0,64,2,0.3251319664750107,0,34.349202156066895,1000,0.01,15.0,,,140.0,42.0
0.0,64,2,0.3495210849771513,0,34.484601974487305,1000,0.01,20.0,,,140.0,42.0
0.0,64,2,0.3959832576169812,0,36.24217176437378,1000,0.01,25.0,,,140.0,42.0
0.0,64,2,0.3885334227750449,0,34.02316188812256,1000,0.01,30.0,,,140.0,42.0
0.0,64,2,0.3692764608174498,0,35.88709855079651,1000,0.01,35.0,,,140.0,42.0
0.0,64,2,0.3452768794545079,1,36.09741711616516,1000,0.01,40.0,,,140.0,42.0
0.0,64,2,0.3965552883551028,0,36.437620401382446,1000,0.001,1.0,,,140.0,42.0
0.0,64,2,0.3176962184227037,0,41.38942289352417,1000,0.001,5.0,,,140.0,42.0
0.0,64,2,0.3095932041589153,0,35.207062005996704,1000,0.001,10.0,,,140.0,42.0
0.0,64,2,0.3147206904398417,0,35.86324143409729,1000,0.001,15.0,,,140.0,42.0
0.0,64,2,0.360661324259482,0,32.58946514129639,1000,0.001,20.0,,,140.0,42.0
0.0,64,2,0.2509553012530446,0,34.795154333114624,1000,0.001,25.0,,,140.0,42.0
0.0,64,2,0.3096996253817878,0,35.641838788986206,1000,0.001,30.0,,,140.0,42.0
0.0,64,2,0.3110497668401296,0,35.615132570266724,1000,0.001,35.0,,,140.0,42.0
0.0,64,2,0.3868606974183642,0,35.0550971031189,1000,0.001,40.0,,,140.0,42.0
1.0,64,2,0.3643030347589088,0,35.76060628890991,1000,0.01,1.0,,,140.0,42.0
1.0,64,2,0.1167260847066665,28,46.89859390258789,1000,0.01,5.0,,,140.0,42.0
1.0,64,2,0.1001053115383078,92,67.08015751838684,1000,0.01,10.0,,,140.0,42.0
1.0,64,2,0.1088843789989726,567,87.87522673606873,1000,0.01,15.0,,,140.0,42.0
1.0,64,2,0.1167260847066665,44,107.98323130607604,1000,0.01,20.0,,,140.0,42.0
1.0,64,2,0.1422864370370984,52,133.15319967269895,1000,0.01,25.0,,,140.0,42.0
1.0,64,2,0.1422864370370984,50,153.98602652549744,1000,0.01,30.0,,,140.0,42.0
1.0,64,2,0.0362517482517482,43,178.52829027175903,1000,0.01,35.0,,,140.0,42.0
1.0,64,2,0.0151805682859761,1,199.0605111122132,1000,0.01,40.0,,,140.0,42.0
1.0,64,2,0.2439093191240042,4,37.71356701850891,1000,0.001,1.0,,,140.0,42.0
1.0,64,2,0.1088843789989726,35,49.92627310752869,1000,0.001,5.0,,,140.0,42.0
1.0,64,2,0.1422864370370984,47,69.897132396698,1000,0.001,10.0,,,140.0,42.0
1.0,64,2,0.0322519083969465,57,89.72113561630249,1000,0.001,15.0,,,140.0,42.0
1.0,64,2,0.1329244747686279,56,110.42367720603944,1000,0.001,20.0,,,140.0,42.0
1.0,64,2,0.0322519083969465,63,133.7340967655182,1000,0.001,25.0,,,140.0,42.0
1.0,64,2,0.1422864370370984,338,156.08235716819763,1000,0.001,30.0,,,140.0,42.0
1.0,64,2,0.1088843789989726,50,179.7599754333496,1000,0.001,35.0,,,140.0,42.0
1.0,64,2,0.0228856329225003,0,200.8013060092926,1000,0.001,40.0,,,140.0,42.0
3.0,64,2,0.2669248753112,24,38.035430908203125,1000,0.01,1.0,,,140.0,42.0
3.0,64,2,0.1214541530514071,9,50.46925210952759,1000,0.01,5.0,,,140.0,42.0
3.0,64,2,0.1080518126272912,63,71.15335464477539,1000,0.01,10.0,,,140.0,42.0
3.0,64,2,0.0635964280119066,11,94.10714173316956,1000,0.01,15.0,,,140.0,42.0
3.0,64,2,0.1293529831850938,164,114.53446698188782,1000,0.01,20.0,,,140.0,42.0
3.0,64,2,0.0537856000369919,22,135.89679408073425,1000,0.01,25.0,,,140.0,42.0
3.0,64,2,0.1329244747686279,27,156.0922737121582,1000,0.01,30.0,,,140.0,42.0
3.0,64,2,0.1268787117723208,12,176.64176893234253,1000,0.01,35.0,,,140.0,42.0
3.0,64,2,0.1080745829244357,16,187.90898895263672,1000,0.01,40.0,,,140.0,42.0
3.0,64,2,0.4499599008803691,2,37.47756242752075,1000,0.001,1.0,,,140.0,42.0
3.0,64,2,0.1088843789989726,13,48.97071290016174,1000,0.001,5.0,,,140.0,42.0
3.0,64,2,0.1362406740407913,23,70.13118863105774,1000,0.001,10.0,,,140.0,42.0
3.0,64,2,0.1422864370370984,17,92.47873449325562,1000,0.001,15.0,,,140.0,42.0
3.0,64,2,0.2591555018394001,9,113.42436122894289,1000,0.001,20.0,,,140.0,42.0
3.0,64,2,0.2199133138486412,12,133.87505531311035,1000,0.001,25.0,,,140.0,42.0
3.0,64,2,0.0863513559107587,25,160.14966869354248,1000,0.001,30.0,,,140.0,42.0
3.0,64,2,0.1028386160026655,13,174.4299635887146,1000,0.001,35.0,,,140.0,42.0
3.0,64,2,0.0759410309333538,32,193.8608386516571,1000,0.001,40.0,,,140.0,42.0
5.0,64,2,0.4544392962859301,2,38.300498247146606,1000,0.01,1.0,,,140.0,42.0
5.0,64,2,0.1550705913320842,48,49.759220123291016,1000,0.01,5.0,,,140.0,42.0
5.0,64,2,0.23525754828745,15,68.50813102722168,1000,0.01,10.0,,,140.0,42.0
5.0,64,2,0.3270697014093898,5,91.86825466156006,1000,0.01,15.0,,,140.0,42.0
5.0,64,2,0.246743050600972,7,113.33589386940002,1000,0.01,20.0,,,140.0,42.0
5.0,64,2,0.338552613068315,27,130.97828722000122,1000,0.01,25.0,,,140.0,42.0
5.0,64,2,0.2348919160076717,15,151.612610578537,1000,0.01,30.0,,,140.0,42.0
5.0,64,2,0.1959608661773629,10,174.25431299209595,1000,0.01,35.0,,,140.0,42.0
5.0,64,2,0.1613673818984547,5,195.05651307106007,1000,0.01,40.0,,,140.0,42.0
5.0,64,2,0.3889980900356558,3,38.12830853462219,1000,0.001,1.0,,,140.0,42.0
5.0,64,2,0.1589772932330826,23,49.67728590965271,1000,0.001,5.0,,,140.0,42.0
5.0,64,2,0.1807234166361863,13,70.68775725364685,1000,0.001,10.0,,,140.0,42.0
5.0,64,2,0.1477449799554867,17,91.23433756828308,1000,0.001,15.0,,,140.0,42.0
5.0,64,2,0.1486060451591227,8,113.51357674598694,1000,0.001,20.0,,,140.0,42.0
5.0,64,2,0.1457026236357323,31,132.17847990989685,1000,0.001,25.0,,,140.0,42.0
5.0,64,2,0.2069104239730216,27,152.72972321510315,1000,0.001,30.0,,,140.0,42.0
5.0,64,2,0.1624958511541097,13,172.65912628173828,1000,0.001,35.0,,,140.0,42.0
5.0,64,2,0.3614425004226134,14,189.8482725620269,1000,0.001,40.0,,,140.0,42.0
10.0,64,2,0.4776204664471408,0,38.95127820968628,1000,0.01,1.0,,,140.0,42.0
10.0,64,2,0.4513366461843731,0,48.35867786407471,1000,0.01,5.0,,,140.0,42.0
10.0,64,2,0.3062755376535339,0,68.000972032547,1000,0.01,10.0,,,140.0,42.0
10.0,64,2,0.3736397821760552,2,87.13734555244446,1000,0.01,15.0,,,140.0,42.0
10.0,64,2,0.3512964435298045,3,103.78034925460815,1000,0.01,20.0,,,140.0,42.0
10.0,64,2,0.4094579186274036,8,123.78980445861816,1000,0.01,25.0,,,140.0,42.0
10.0,64,2,0.3166839780923613,2,140.7923502922058,1000,0.01,30.0,,,140.0,42.0
10.0,64,2,0.3317208945347998,0,159.18129587173462,1000,0.01,35.0,,,140.0,42.0
10.0,64,2,0.3354302347737219,3,179.53892540931702,1000,0.01,40.0,,,140.0,42.0
10.0,64,2,0.4851582605976083,2,45.70247077941895,1000,0.001,1.0,,,140.0,42.0
10.0,64,2,0.4295623905323141,6,49.80959177017212,1000,0.001,5.0,,,140.0,42.0
10.0,64,2,0.3636049817293078,2,71.42767357826233,1000,0.001,10.0,,,140.0,42.0
10.0,64,2,0.414882066682564,1,89.17766094207764,1000,0.001,15.0,,,140.0,42.0
10.0,64,2,0.3481651199704722,1,105.27219104766846,1000,0.001,20.0,,,140.0,42.0
10.0,64,2,0.3942426698614193,0,124.38236951828004,1000,0.001,25.0,,,140.0,42.0
10.0,64,2,0.3482702835000262,2,143.0794975757599,1000,0.001,30.0,,,140.0,42.0
10.0,64,2,0.3437749085089595,3,170.49353528022766,1000,0.001,35.0,,,140.0,42.0
10.0,64,2,0.3396109767743884,16,179.09216594696045,1000,0.001,40.0,,,140.0,42.0
100.0,64,2,0.4356678939329292,0,46.43666815757752,1000,0.01,1.0,,,140.0,42.0
100.0,64,2,0.4380188615058054,0,49.33041548728943,1000,0.01,5.0,,,140.0,42.0
100.0,64,2,0.4938885432747468,2,69.59610843658447,1000,0.01,10.0,,,140.0,42.0
100.0,64,2,0.4930306984604607,1,86.43301320075989,1000,0.01,15.0,,,140.0,42.0
100.0,64,2,0.5219949842502557,5,110.15920114517212,1000,0.01,20.0,,,140.0,42.0
100.0,64,2,0.5155373709806272,2,140.92270278930664,1000,0.01,25.0,,,140.0,42.0
100.0,64,2,0.5341262858946465,0,151.30104541778564,1000,0.01,30.0,,,140.0,42.0
100.0,64,2,0.3397093795269215,18,168.76618194580078,1000,0.01,35.0,,,140.0,42.0
100.0,64,2,0.3107689627305153,585,182.9761734008789,1000,0.01,40.0,,,140.0,42.0
100.0,64,2,0.4133681510539856,0,38.55322980880737,1000,0.001,1.0,,,140.0,42.0
100.0,64,2,0.4431482368162093,0,53.64591598510742,1000,0.001,5.0,,,140.0,42.0
100.0,64,2,0.4746908201167562,1,68.61823272705078,1000,0.001,10.0,,,140.0,42.0
100.0,64,2,0.507349761849081,2,85.59699535369873,1000,0.001,15.0,,,140.0,42.0
100.0,64,2,0.5285957944849627,2,118.46243286132812,1000,0.001,20.0,,,140.0,42.0
100.0,64,2,0.5162348136202758,3,125.8204562664032,1000,0.001,25.0,,,140.0,42.0
100.0,64,2,0.5147801417353055,5,150.10293650627136,1000,0.001,30.0,,,140.0,42.0
100.0,64,2,0.5325012946041362,36,178.39758348464966,1000,0.001,35.0,,,140.0,42.0
100.0,64,2,0.5261698886710707,10,190.85465931892395,1000,0.001,40.0,,,140.0,42.0
300.0,64,2,0.3138516331707293,0,37.05894136428833,1000,0.01,1.0,,,140.0,42.0
300.0,64,2,0.4241973279064545,0,49.26832175254822,1000,0.01,5.0,,,140.0,42.0
300.0,64,2,0.4240679739944012,0,70.07082033157349,1000,0.01,10.0,,,140.0,42.0
300.0,64,2,0.4743938378384971,0,90.97327756881714,1000,0.01,15.0,,,140.0,42.0
300.0,64,2,0.4429059191476001,8,112.1334159374237,1000,0.01,20.0,,,140.0,42.0
300.0,64,2,0.083641394306979,35,145.1524224281311,1000,0.01,25.0,,,140.0,42.0
300.0,64,2,0.0231289347508859,752,156.7818727493286,1000,0.01,30.0,,,140.0,42.0
300.0,64,2,0.2528642034246262,47,179.72894287109375,1000,0.01,35.0,,,140.0,42.0
300.0,64,2,0.1557070461645262,378,205.3919699192047,1000,0.01,40.0,,,140.0,42.0
300.0,64,2,0.285729724217428,0,38.31538224220276,1000,0.001,1.0,,,140.0,42.0
300.0,64,2,0.445231771479307,0,55.61916208267212,1000,0.001,5.0,,,140.0,42.0
300.0,64,2,0.4547855760114045,1,70.03910493850708,1000,0.001,10.0,,,140.0,42.0
300.0,64,2,0.4297491229509105,1,91.36268138885498,1000,0.001,15.0,,,140.0,42.0
300.0,64,2,0.4380647065559819,2,114.3439395427704,1000,0.001,20.0,,,140.0,42.0
300.0,64,2,0.2712627669307693,71,135.58526372909546,1000,0.001,25.0,,,140.0,42.0
300.0,64,2,0.1452055749774497,108,152.95527982711792,1000,0.001,30.0,,,140.0,42.0
300.0,64,2,0.1116314105090788,707,179.57542157173157,1000,0.001,35.0,,,140.0,42.0
300.0,64,2,0.0333745716862037,311,199.87316370010376,1000,0.001,40.0,,,140.0,42.0
,64,2,0.189141426292385,0,38.55677342414856,1000,0.001,,,2.0,140.0,42.0
,64,2,0.1309737535521127,0,50.16964650154114,1000,0.001,,,10.0,140.0,42.0
,64,2,0.1191243675814911,1,136.76995158195496,1000,0.001,,,50.0,140.0,42.0
,64,2,0.2041928716705944,0,37.38952040672302,1000,0.01,,,2.0,140.0,42.0
,64,2,0.2143735869684595,0,57.03126502037048,1000,0.01,,,10.0,140.0,42.0
,64,2,0.1497301030446991,1,129.40544652938843,1000,0.01,,,50.0,140.0,42.0
,64,3,0.2256768107968207,0,38.71770739555359,1000,0.001,,,2.0,140.0,42.0
,64,3,0.2037430246591574,1,55.91756582260132,1000,0.001,,,10.0,140.0,42.0
,64,3,0.2114692232692771,0,130.31137490272522,1000,0.001,,,50.0,140.0,42.0
,64,3,0.1937273730178738,0,38.421634674072266,1000,0.01,,,2.0,140.0,42.0
,64,3,0.154002736941189,0,49.64774227142334,1000,0.01,,,10.0,140.0,42.0
,64,3,0.2257524845311299,1,134.80239510536194,1000,0.01,,,50.0,140.0,42.0
0.0,64,2,0.3880632799941162,0,12.084485054016112,1000,0.01,1.0,,,140.0,41.0
0.0,64,2,0.4248856230620882,0,12.892223596572876,1000,0.01,5.0,,,140.0,41.0
0.0,64,2,0.2918411293805559,0,12.890114307403564,1000,0.01,10.0,,,140.0,41.0
0.0,64,2,0.4004781096729345,1,12.654542684555054,1000,0.01,15.0,,,140.0,41.0
0.0,64,2,0.3086064172955025,1,12.372862339019775,1000,0.01,20.0,,,140.0,41.0
0.0,64,2,0.3116961618532698,0,12.095674276351929,1000,0.01,25.0,,,140.0,41.0
0.0,64,2,0.3415276435699998,0,12.841933965682983,1000,0.01,30.0,,,140.0,41.0
0.0,64,2,0.2520966954185973,1,12.64823842048645,1000,0.01,35.0,,,140.0,41.0
0.0,64,2,0.3881685678791651,2,11.668600797653198,1000,0.01,40.0,,,140.0,41.0
0.0,64,2,0.4292241377505125,1,12.124829530715942,1000,0.001,1.0,,,140.0,41.0
0.0,64,2,0.3347020780234955,1,12.833360195159912,1000,0.001,5.0,,,140.0,41.0
0.0,64,2,0.4034517217402262,0,12.85250735282898,1000,0.001,10.0,,,140.0,41.0
0.0,64,2,0.4029043812336866,1,12.010013103485107,1000,0.001,15.0,,,140.0,41.0
0.0,64,2,0.2936781302187627,1,12.591107368469238,1000,0.001,20.0,,,140.0,41.0
0.0,64,2,0.3730461339701447,1,12.694231510162354,1000,0.001,25.0,,,140.0,41.0
0.0,64,2,0.3909279309592947,1,12.334614753723145,1000,0.001,30.0,,,140.0,41.0
0.0,64,2,0.3562693929655263,1,12.876193523406982,1000,0.001,35.0,,,140.0,41.0
0.0,64,2,0.3753902951258684,0,12.464189291000366,1000,0.001,40.0,,,140.0,41.0
1.0,64,2,0.335108892282792,1,13.348482131958008,1000,0.01,1.0,,,140.0,41.0
1.0,64,2,0.1046462017675627,0,13.204463720321655,1000,0.01,5.0,,,140.0,41.0
1.0,64,2,0.1167260847066665,292,13.667983770370483,1000,0.01,10.0,,,140.0,41.0
1.0,64,2,0.0082118126272912,149,15.20059370994568,1000,0.01,15.0,,,140.0,41.0
1.0,64,2,0.1214541530514071,1,19.35411715507508,1000,0.01,20.0,,,140.0,41.0
1.0,64,2,0.019236627379873,13,23.451780557632446,1000,0.01,25.0,,,140.0,41.0
1.0,64,2,0.0228856329225003,99,27.91501212120056,1000,0.01,30.0,,,140.0,41.0
1.0,64,2,0.1214541530514071,114,31.90754246711731,1000,0.01,35.0,,,140.0,41.0
1.0,64,2,0.0228856329225003,135,35.93235921859741,1000,0.01,40.0,,,140.0,41.0
1.0,64,2,0.2986992601956867,1,12.866437196731567,1000,0.001,1.0,,,140.0,41.0
1.0,64,2,0.1422864370370984,1,13.27156901359558,1000,0.001,5.0,,,140.0,41.0
1.0,64,2,0.1002298625417947,177,13.30116319656372,1000,0.001,10.0,,,140.0,41.0
1.0,64,2,0.2652012648357073,98,15.409919023513794,1000,0.001,15.0,,,140.0,41.0
1.0,64,2,0.1088843789989726,87,19.465207815170288,1000,0.001,20.0,,,140.0,41.0
1.0,64,2,0.0437179169081916,0,23.62882709503174,1000,0.001,25.0,,,140.0,41.0
1.0,64,2,0.0082118126272912,105,27.75272274017334,1000,0.001,30.0,,,140.0,41.0
1.0,64,2,0.1329244747686279,171,32.00738286972046,1000,0.001,35.0,,,140.0,41.0
1.0,64,2,0.1666327447068004,1,35.93528699874878,1000,0.001,40.0,,,140.0,41.0
3.0,64,2,0.3733574522284908,4,12.730310678482056,1000,0.01,1.0,,,140.0,41.0
3.0,64,2,0.2652012648357073,189,12.61277151107788,1000,0.01,5.0,,,140.0,41.0
3.0,64,2,0.1154083900551,253,13.176451921463013,1000,0.01,10.0,,,140.0,41.0
3.0,64,2,0.2252605075563159,27,14.875686645507812,1000,0.01,15.0,,,140.0,41.0
3.0,64,2,0.1266520299138978,55,18.639928340911865,1000,0.01,20.0,,,140.0,41.0
0.0,64,2,0.3708576393228029,0,12.71243381500244,1000,0.01,1.0,,,140.0,40.0
0.0,64,2,0.3459828064065656,0,11.266335487365724,1000,0.01,5.0,,,140.0,40.0
3.0,64,2,0.1412791358998062,48,22.435808420181274,1000,0.01,25.0,,,140.0,41.0
0.0,64,2,0.3939185560563606,0,12.696714639663696,1000,0.01,10.0,,,140.0,40.0
0.0,64,2,0.3842468228415389,0,13.98084545135498,1000,0.01,15.0,,,140.0,40.0
3.0,64,2,0.2278451229409313,79,26.36187720298767,1000,0.01,30.0,,,140.0,41.0
0.0,64,2,0.3402411232598598,0,12.292197704315186,1000,0.01,20.0,,,140.0,40.0
0.0,64,2,0.4069665702204614,0,15.3052179813385,1000,0.01,25.0,,,140.0,40.0
3.0,64,2,0.0460867181824185,48,30.047681093215942,1000,0.01,35.0,,,140.0,41.0
0.0,64,2,0.3410301591326857,1,16.01340341567993,1000,0.01,30.0,,,140.0,40.0
0.0,64,2,0.3842986397796088,0,7.0496251583099365,1000,0.01,35.0,,,140.0,40.0
0.0,64,2,0.3104305147440996,0,8.87391972541809,1000,0.01,40.0,,,140.0,40.0
3.0,64,2,0.0997836061555555,71,33.7538480758667,1000,0.01,40.0,,,140.0,41.0
3.0,64,2,0.2620655872907795,34,12.887168884277344,1000,0.001,1.0,,,140.0,41.0
0.0,64,2,0.3899410204911596,0,16.578756093978882,1000,0.001,1.0,,,140.0,40.0
0.0,64,2,0.3875165358245421,0,7.581878423690796,1000,0.001,5.0,,,140.0,40.0
3.0,64,2,0.1157956888472352,61,12.82157063484192,1000,0.001,5.0,,,140.0,41.0
0.0,64,2,0.3810902253487954,0,12.530497074127195,1000,0.001,10.0,,,140.0,40.0
3.0,64,2,0.1268787117723208,345,13.00663995742798,1000,0.001,10.0,,,140.0,41.0
0.0,64,2,0.3889425826558456,0,9.478942632675173,1000,0.001,15.0,,,140.0,40.0
3.0,64,2,0.2714605075563159,47,14.83961582183838,1000,0.001,15.0,,,140.0,41.0
0.0,64,2,0.309021638868456,0,9.283540725708008,1000,0.001,20.0,,,140.0,40.0
0.0,64,2,0.2949283748793877,0,13.403310775756836,1000,0.001,25.0,,,140.0,40.0
3.0,64,2,0.1167260847066665,100,18.680976152420044,1000,0.001,20.0,,,140.0,41.0
0.0,64,2,0.3874960231154216,0,17.860689163208008,1000,0.001,30.0,,,140.0,40.0
3.0,64,2,0.0537856000369919,39,22.508629322052,1000,0.001,25.0,,,140.0,41.0
0.0,64,2,0.3590443610362567,0,13.089080810546877,1000,0.001,35.0,,,140.0,40.0
0.0,64,2,0.3083452066286871,0,7.012118816375732,1000,0.001,40.0,,,140.0,40.0
1.0,64,2,0.3501775406817426,2,13.067775964736938,1000,0.01,1.0,,,140.0,40.0
1.0,64,2,0.2652012648357073,24,17.485779285430908,1000,0.01,5.0,,,140.0,40.0
1.0,64,2,0.1167260847066665,8,21.44524359703064,1000,0.01,10.0,,,140.0,40.0
1.0,64,2,0.0151805682859761,106,30.93712043762207,1000,0.01,15.0,,,140.0,40.0
1.0,64,2,0.1088843789989726,273,40.60488486289978,1000,0.01,20.0,,,140.0,40.0
1.0,64,2,0.0082118126272912,221,50.11700963973999,1000,0.01,25.0,,,140.0,40.0
1.0,64,2,0.0322519083969465,303,79.87675857543945,1000,0.01,30.0,,,140.0,40.0
1.0,64,2,0.1422864370370984,214,111.92760515213013,1000,0.01,35.0,,,140.0,40.0
1.0,64,2,0.0228856329225003,4,112.44953513145448,1000,0.01,40.0,,,140.0,40.0
1.0,64,2,0.1743383087740475,2,15.74456548690796,1000,0.001,1.0,,,140.0,40.0
1.0,64,2,0.1088843789989726,28,15.24126434326172,1000,0.001,5.0,,,140.0,40.0
1.0,64,2,0.0210999774909963,157,32.662485122680664,1000,0.001,10.0,,,140.0,40.0
1.0,64,2,0.1666327447068004,39,34.53661584854126,1000,0.001,15.0,,,140.0,40.0
1.0,64,2,0.1214541530514071,3,40.62165021896362,1000,0.001,20.0,,,140.0,40.0
1.0,64,2,0.1666327447068004,2,50.13642358779907,1000,0.001,25.0,,,140.0,40.0
1.0,64,2,0.1645286984640258,21,55.88369297981262,1000,0.001,30.0,,,140.0,40.0
1.0,64,2,0.1167260847066665,3,64.80946087837219,1000,0.001,35.0,,,140.0,40.0
1.0,64,2,0.0151805682859761,8,73.78143763542175,1000,0.001,40.0,,,140.0,40.0
3.0,64,2,0.4788838135697074,20,7.445463180541992,1000,0.01,1.0,,,140.0,40.0
3.0,64,2,0.1292887717528529,92,11.936235904693604,1000,0.01,5.0,,,140.0,40.0
3.0,64,2,0.1329244747686279,221,21.50539374351501,1000,0.01,10.0,,,140.0,40.0
3.0,64,2,0.2715255411255411,37,31.55811071395874,1000,0.01,15.0,,,140.0,40.0
3.0,64,2,0.1037754489909276,247,41.98424434661865,1000,0.01,20.0,,,140.0,40.0
3.0,64,2,0.2704626860978792,93,60.94032120704651,1000,0.01,25.0,,,140.0,40.0
3.0,64,2,0.2278451229409313,74,66.40585994720459,1000,0.01,30.0,,,140.0,40.0
3.0,64,2,0.1140313039026617,116,82.50293636322021,1000,0.01,35.0,,,140.0,40.0
3.0,64,2,0.154089819517589,100,82.42403841018677,1000,0.01,40.0,,,140.0,40.0
3.0,64,2,0.3978138610177639,21,7.321151971817017,1000,0.001,1.0,,,140.0,40.0
3.0,64,2,0.1088843789989726,327,12.018321752548218,1000,0.001,5.0,,,140.0,40.0
3.0,64,2,0.1089029080890093,162,21.457834005355835,1000,0.001,10.0,,,140.0,40.0
3.0,64,2,0.1072118126272912,40,31.57448434829712,1000,0.001,15.0,,,140.0,40.0
3.0,64,2,0.1266520299138978,68,41.97344398498535,1000,0.001,20.0,,,140.0,40.0
3.0,64,2,0.0690139137857447,112,51.937307357788086,1000,0.001,25.0,,,140.0,40.0
3.0,64,2,0.0879553610833037,51,75.24143743515015,1000,0.001,30.0,,,140.0,40.0
3.0,64,2,0.1154083900551,138,71.97903108596802,1000,0.001,35.0,,,140.0,40.0
3.0,64,2,0.3085766780329628,154,114.92328929901124,1000,0.001,40.0,,,140.0,40.0
5.0,64,2,0.4675472286363804,0,7.771904706954956,1000,0.01,1.0,,,140.0,40.0
5.0,64,2,0.2157443831350687,650,22.32660222053528,1000,0.01,5.0,,,140.0,40.0
5.0,64,2,0.3662740654776247,58,34.789398193359375,1000,0.01,10.0,,,140.0,40.0
5.0,64,2,0.2137826159314762,7,42.22044491767883,1000,0.01,15.0,,,140.0,40.0
5.0,64,2,0.3659505016214053,472,51.986926317214966,1000,0.01,20.0,,,140.0,40.0
5.0,64,2,0.2449652917985388,65,62.511916637420654,1000,0.01,25.0,,,140.0,40.0
5.0,64,2,0.2351793053138986,99,78.42765069007874,1000,0.01,30.0,,,140.0,40.0
5.0,64,2,0.1783775083179761,91,73.79621052742004,1000,0.01,35.0,,,140.0,40.0
5.0,64,2,0.1318702233062992,188,93.80780410766602,1000,0.01,40.0,,,140.0,40.0
5.0,64,2,0.2845479134678281,8,7.783707857131958,1000,0.001,1.0,,,140.0,40.0
5.0,64,2,0.2430293205810741,75,20.40700840950012,1000,0.001,5.0,,,140.0,40.0
5.0,64,2,0.3492993423434209,88,27.433098793029785,1000,0.001,10.0,,,140.0,40.0
5.0,64,2,0.4371511487108072,60,32.45772624015808,1000,0.001,15.0,,,140.0,40.0
5.0,64,2,0.2109274160832056,45,42.71220064163208,1000,0.001,20.0,,,140.0,40.0
5.0,64,2,0.1695517918709999,164,61.31006336212158,1000,0.001,25.0,,,140.0,40.0
5.0,64,2,0.1714555196427094,52,72.05295467376709,1000,0.001,30.0,,,140.0,40.0
5.0,64,2,0.2329407819305534,54,91.81342267990112,1000,0.001,35.0,,,140.0,40.0
5.0,64,2,0.1537674228356322,75,102.8283507823944,1000,0.001,40.0,,,140.0,40.0
10.0,64,2,0.5189932113360592,1,7.768316984176636,1000,0.01,1.0,,,140.0,40.0
10.0,64,2,0.4380437110785266,4,13.091957330703735,1000,0.01,5.0,,,140.0,40.0
10.0,64,2,0.3846755127302775,0,23.82091498374939,1000,0.01,10.0,,,140.0,40.0
10.0,64,2,0.3995874454601351,3,34.908746004104614,1000,0.01,15.0,,,140.0,40.0
10.0,64,2,0.3620331336922624,3,54.60762286186218,1000,0.01,20.0,,,140.0,40.0
10.0,64,2,0.3709415839398431,1,62.229026556015015,1000,0.01,25.0,,,140.0,40.0
10.0,64,2,0.3666550444854525,6,76.99564027786255,1000,0.01,30.0,,,140.0,40.0
10.0,64,2,0.3687968152926744,1,80.80409693717957,1000,0.01,35.0,,,140.0,40.0
10.0,64,2,0.2986676876050608,17,92.04585361480711,1000,0.01,40.0,,,140.0,40.0
10.0,64,2,0.5044683111152715,0,7.4265172481536865,1000,0.001,1.0,,,140.0,40.0
10.0,64,2,0.4146664103501141,2,13.143090009689333,1000,0.001,5.0,,,140.0,40.0
10.0,64,2,0.4051699103515443,1,23.81804323196411,1000,0.001,10.0,,,140.0,40.0
10.0,64,2,0.3782773547629777,5,34.93737244606018,1000,0.001,15.0,,,140.0,40.0
10.0,64,2,0.3842815066548695,3,45.815149784088135,1000,0.001,20.0,,,140.0,40.0
10.0,64,2,0.4554329095158028,0,56.5901460647583,1000,0.001,25.0,,,140.0,40.0
10.0,64,2,0.3607321353995505,2,77.78952813148499,1000,0.001,30.0,,,140.0,40.0
10.0,64,2,0.3948832435257064,0,88.9623920917511,1000,0.001,35.0,,,140.0,40.0
10.0,64,2,0.3366205269492553,8,92.364515542984,1000,0.001,40.0,,,140.0,40.0
100.0,64,2,0.2868388625836927,0,7.654379844665527,1000,0.01,1.0,,,140.0,40.0
100.0,64,2,0.4943216846730671,1,16.86561679840088,1000,0.01,5.0,,,140.0,40.0
100.0,64,2,0.5062309997549309,1,30.69658827781677,1000,0.01,10.0,,,140.0,40.0
100.0,64,2,0.483369164771788,1,44.74872636795044,1000,0.01,15.0,,,140.0,40.0
100.0,64,2,0.5069901263310296,2,58.95889496803284,1000,0.01,20.0,,,140.0,40.0
100.0,64,2,0.5112634510343157,5,72.92762351036072,1000,0.01,25.0,,,140.0,40.0
100.0,64,2,0.3924946017791389,16,87.21443796157837,1000,0.01,30.0,,,140.0,40.0
100.0,64,2,0.4737611894676537,24,109.09586191177368,1000,0.01,35.0,,,140.0,40.0
100.0,64,2,0.4516409426389292,15,127.35497975349426,1000,0.01,40.0,,,140.0,40.0
100.0,64,2,0.3778174905678914,0,8.048300504684448,1000,0.001,1.0,,,140.0,40.0
100.0,64,2,0.4281174731614444,0,16.883031845092773,1000,0.001,5.0,,,140.0,40.0
100.0,64,2,0.5076448158760658,1,30.705591201782227,1000,0.001,10.0,,,140.0,40.0
100.0,64,2,0.5391681393515747,3,52.198201417922974,1000,0.001,15.0,,,140.0,40.0
100.0,64,2,0.4470196739203952,1,65.04636287689209,1000,0.001,20.0,,,140.0,40.0
100.0,64,2,0.5006630586974554,4,73.44285297393799,1000,0.001,25.0,,,140.0,40.0
100.0,64,2,0.4130275282029008,23,95.77481007575987,1000,0.001,30.0,,,140.0,40.0
100.0,64,2,0.4037698697088566,41,111.58766436576845,1000,0.001,35.0,,,140.0,40.0
100.0,64,2,0.452670345043501,56,125.14610815048218,1000,0.001,40.0,,,140.0,40.0
300.0,64,2,0.3280916529924856,0,8.212745904922485,1000,0.01,1.0,,,140.0,40.0
300.0,64,2,0.4421023962528879,1,16.547865867614746,1000,0.01,5.0,,,140.0,40.0
300.0,64,2,0.4557119422968295,1,39.06180596351624,1000,0.01,10.0,,,140.0,40.0
300.0,64,2,0.483996532177558,22,47.59960150718689,1000,0.01,15.0,,,140.0,40.0
300.0,64,2,0.4814316132433613,111,58.76623272895813,1000,0.01,20.0,,,140.0,40.0
300.0,64,2,0.4344405040551616,6,72.58143997192383,1000,0.01,25.0,,,140.0,40.0
300.0,64,2,0.0194995313964386,40,86.66332173347473,1000,0.01,30.0,,,140.0,40.0
300.0,64,2,0.4079577472471751,290,109.71284341812134,1000,0.01,35.0,,,140.0,40.0
300.0,64,2,0.0204655078492546,230,130.15599036216736,1000,0.01,40.0,,,140.0,40.0
300.0,64,2,0.346130001801277,0,8.020057678222656,1000,0.001,1.0,,,140.0,40.0
300.0,64,2,0.401394054122909,1,16.548057079315186,1000,0.001,5.0,,,140.0,40.0
300.0,64,2,0.4464942115638752,1,30.337585926055908,1000,0.001,10.0,,,140.0,40.0
300.0,64,2,0.4399420264607228,11,56.68694925308228,1000,0.001,15.0,,,140.0,40.0
300.0,64,2,0.4526837860622693,6,61.92761158943176,1000,0.001,20.0,,,140.0,40.0
300.0,64,2,0.3062448041637933,284,91.60754537582396,1000,0.001,25.0,,,140.0,40.0
300.0,64,2,0.4213203417917871,167,103.32195568084715,1000,0.001,30.0,,,140.0,40.0
300.0,64,2,0.4276595924586437,51,118.16382622718812,1000,0.001,35.0,,,140.0,40.0
300.0,64,2,0.1928630631605081,988,126.00517845153809,1000,0.001,40.0,,,140.0,40.0
,64,2,0.2213678756794518,0,7.963088274002075,1000,0.001,,,2.0,140.0,40.0
,64,2,0.0920072787064839,4,24.27190852165222,1000,0.001,,,10.0,140.0,40.0
,64,2,0.2248183185986032,9,90.79855585098268,1000,0.001,,,50.0,140.0,40.0
,64,2,0.1420091607230652,0,8.00851583480835,1000,0.01,,,2.0,140.0,40.0
,64,2,0.2025309154236535,3,18.53121328353882,1000,0.01,,,10.0,140.0,40.0
,64,2,0.0979047473786557,9,88.16275024414062,1000,0.01,,,50.0,140.0,40.0
,64,3,0.2472054897761771,0,7.925833225250244,1000,0.001,,,2.0,140.0,40.0
,64,3,0.1324086239658879,0,18.484506845474243,1000,0.001,,,10.0,140.0,40.0
,64,3,0.1335264053172754,4,80.8566780090332,1000,0.001,,,50.0,140.0,40.0
,64,3,0.1801226952391246,0,7.584646463394165,1000,0.01,,,2.0,140.0,40.0
,64,3,0.1731771391092696,2,18.49014568328857,1000,0.01,,,10.0,140.0,40.0
,64,3,0.1472671922872996,7,80.85125231742859,1000,0.01,,,50.0,140.0,40.0
3.0,64,2,0.0816223462852958,65,61.73247241973877,1000,0.001,30.0,,,140.0,41.0
3.0,64,2,0.2591555018394001,94,71.57628870010376,1000,0.001,35.0,,,140.0,41.0
3.0,64,2,0.2584371431492419,968,82.14697504043579,1000,0.001,40.0,,,140.0,41.0
5.0,64,2,0.4372325647948457,19,7.3802244663238525,1000,0.01,1.0,,,140.0,41.0
5.0,64,2,0.1577158855484436,76,12.320337057113647,1000,0.01,5.0,,,140.0,41.0
5.0,64,2,0.3662740654776247,308,21.99695062637329,1000,0.01,10.0,,,140.0,41.0
5.0,64,2,0.2687016666579575,48,32.23583912849426,1000,0.01,15.0,,,140.0,41.0
5.0,64,2,0.3597363084554655,59,51.83043026924133,1000,0.01,20.0,,,140.0,41.0
5.0,64,2,0.1959940330222932,105,60.92297673225403,1000,0.01,25.0,,,140.0,41.0
5.0,64,2,0.1192671709948247,138,73.76466226577759,1000,0.01,30.0,,,140.0,41.0
5.0,64,2,0.1619357464648051,58,74.02909135818481,1000,0.01,35.0,,,140.0,41.0
5.0,64,2,0.2311106014738709,126,84.6446545124054,1000,0.01,40.0,,,140.0,41.0
5.0,64,2,0.3914560689764804,20,7.383029222488403,1000,0.001,1.0,,,140.0,41.0
5.0,64,2,0.4099276594941376,50,12.295332431793211,1000,0.001,5.0,,,140.0,41.0
5.0,64,2,0.3568001230722213,19,21.94533514976501,1000,0.001,10.0,,,140.0,41.0
5.0,64,2,0.2527067208542974,11,32.24522829055786,1000,0.001,15.0,,,140.0,41.0
5.0,64,2,0.340730249725399,67,42.71340799331665,1000,0.001,20.0,,,140.0,41.0
5.0,64,2,0.2513326400757323,138,52.75771546363831,1000,0.001,25.0,,,140.0,41.0
5.0,64,2,0.1903062437601131,82,63.06247353553772,1000,0.001,30.0,,,140.0,41.0
5.0,64,2,0.3450974959593764,86,83.2241039276123,1000,0.001,35.0,,,140.0,41.0
5.0,64,2,0.1427044824120603,998,85.03841280937195,1000,0.001,40.0,,,140.0,41.0
10.0,64,2,0.4678676860272826,6,7.32622504234314,1000,0.01,1.0,,,140.0,41.0
10.0,64,2,0.4742340134221454,3,13.125725030899048,1000,0.01,5.0,,,140.0,41.0
10.0,64,2,0.3620577061045968,5,23.82997727394104,1000,0.01,10.0,,,140.0,41.0
10.0,64,2,0.4007204522332705,5,34.93230152130127,1000,0.01,15.0,,,140.0,41.0
10.0,64,2,0.3681871362834408,1,45.86934041976929,1000,0.01,20.0,,,140.0,41.0
10.0,64,2,0.3612376521334151,4,63.91943287849426,1000,0.01,25.0,,,140.0,41.0
10.0,64,2,0.3594055970556877,2,68.9767439365387,1000,0.01,30.0,,,140.0,41.0
10.0,64,2,0.3713964509568574,3,80.42663145065308,1000,0.01,35.0,,,140.0,41.0
10.0,64,2,0.3437538830170541,0,100.48295068740843,1000,0.01,40.0,,,140.0,41.0
10.0,64,2,0.4314737835228847,2,7.731435298919678,1000,0.001,1.0,,,140.0,41.0
10.0,64,2,0.4322728699741374,2,13.058333158493042,1000,0.001,5.0,,,140.0,41.0
10.0,64,2,0.3712187660224011,0,28.3303964138031,1000,0.001,10.0,,,140.0,41.0
10.0,64,2,0.3929638243599114,5,43.71560406684876,1000,0.001,15.0,,,140.0,41.0
10.0,64,2,0.3528104356593377,0,55.315438985824585,1000,0.001,20.0,,,140.0,41.0
10.0,64,2,0.3770813093083843,4,57.11398386955261,1000,0.001,25.0,,,140.0,41.0
10.0,64,2,0.3864811641083702,1,68.47938323020935,1000,0.001,30.0,,,140.0,41.0
10.0,64,2,0.4056069033119084,2,91.77217507362366,1000,0.001,35.0,,,140.0,41.0
10.0,64,2,0.3468685172473061,8,92.5518548488617,1000,0.001,40.0,,,140.0,41.0
100.0,64,2,0.309558000804569,0,7.582579135894775,1000,0.01,1.0,,,140.0,41.0
100.0,64,2,0.4425951624930858,0,16.86209464073181,1000,0.01,5.0,,,140.0,41.0
100.0,64,2,0.4817742250760854,0,30.72782301902771,1000,0.01,10.0,,,140.0,41.0
100.0,64,2,0.5140355704854456,1,44.76977753639221,1000,0.01,15.0,,,140.0,41.0
100.0,64,2,0.4975718634923401,3,66.05337572097778,1000,0.01,20.0,,,140.0,41.0
100.0,64,2,0.5131919059034811,11,78.57331037521362,1000,0.01,25.0,,,140.0,41.0
100.0,64,2,0.3808119302793563,12,87.52844858169556,1000,0.01,30.0,,,140.0,41.0
100.0,64,2,0.4496691389440152,19,101.47516703605652,1000,0.01,35.0,,,140.0,41.0
100.0,64,2,0.5291199270865927,3,115.59122848510742,1000,0.01,40.0,,,140.0,41.0
100.0,64,2,0.3802799231909908,0,7.54107403755188,1000,0.001,1.0,,,140.0,41.0
100.0,64,2,0.442900454270426,0,16.87104296684265,1000,0.001,5.0,,,140.0,41.0
100.0,64,2,0.5338526333505037,6,30.730892419815063,1000,0.001,10.0,,,140.0,41.0
100.0,64,2,0.503936311710807,4,44.779330253601074,1000,0.001,15.0,,,140.0,41.0
100.0,64,2,0.5072883835380224,5,58.98524022102356,1000,0.001,20.0,,,140.0,41.0
100.0,64,2,0.525605225739085,5,81.47976326942444,1000,0.001,25.0,,,140.0,41.0
100.0,64,2,0.5243518039229002,2,95.03245496749878,1000,0.001,30.0,,,140.0,41.0
100.0,64,2,0.5057888447486855,35,101.8195550441742,1000,0.001,35.0,,,140.0,41.0
100.0,64,2,0.4805050402618416,16,115.63104224205016,1000,0.001,40.0,,,140.0,41.0
300.0,64,2,0.2835370574021353,0,7.549088716506958,1000,0.01,1.0,,,140.0,41.0
300.0,64,2,0.4253535988152058,3,23.4620168209076,1000,0.01,5.0,,,140.0,41.0
300.0,64,2,0.4328351973436691,4,30.52024555206299,1000,0.01,10.0,,,140.0,41.0
300.0,64,2,0.45694149738429,62,48.419278383255005,1000,0.01,15.0,,,140.0,41.0
300.0,64,2,0.4607817589340507,24,58.466527700424194,1000,0.01,20.0,,,140.0,41.0
300.0,64,2,0.0442284433599448,167,72.59472393989563,1000,0.01,25.0,,,140.0,41.0
300.0,64,2,0.3918102069788902,297,86.6241819858551,1000,0.01,30.0,,,140.0,41.0
300.0,64,2,0.4268698903461789,51,101.06896209716795,1000,0.01,35.0,,,140.0,41.0
300.0,64,2,0.1582792511700468,149,127.67456436157228,1000,0.01,40.0,,,140.0,41.0
300.0,64,2,0.3061767437405683,0,10.620254516601562,1000,0.001,1.0,,,140.0,41.0
300.0,64,2,0.4065368023240072,1,16.57474708557129,1000,0.001,5.0,,,140.0,41.0
300.0,64,2,0.4099372899771181,2,30.32197999954224,1000,0.001,10.0,,,140.0,41.0
300.0,64,2,0.4654275279826412,22,52.658512353897095,1000,0.001,15.0,,,140.0,41.0
300.0,64,2,0.4450985284349362,20,68.70737814903259,1000,0.001,20.0,,,140.0,41.0
300.0,64,2,0.4595405058301803,48,94.25780916213988,1000,0.001,25.0,,,140.0,41.0
300.0,64,2,0.1086476909134624,245,101.10721158981325,1000,0.001,30.0,,,140.0,41.0
300.0,64,2,0.0209076952748312,280,108.1133599281311,1000,0.001,35.0,,,140.0,41.0
300.0,64,2,0.022828168467361,877,144.81500124931335,1000,0.001,40.0,,,140.0,41.0
,64,2,0.177702426573201,0,10.658185243606567,1000,0.001,,,2.0,140.0,41.0
,64,2,0.1891182500995764,5,32.55863952636719,1000,0.001,,,10.0,140.0,41.0
,64,2,0.1582732682005497,8,101.47220540046692,1000,0.001,,,50.0,140.0,41.0
,64,2,0.3058703180152847,0,14.023274421691896,1000,0.01,,,2.0,140.0,41.0
,64,2,0.2086556106504546,0,18.718265056610107,1000,0.01,,,10.0,140.0,41.0
,64,2,0.1660840123089554,8,100.3718752861023,1000,0.01,,,50.0,140.0,41.0
,64,3,0.2712601108494272,0,7.647490739822388,1000,0.001,,,2.0,140.0,41.0
,64,3,0.1708858397100428,3,24.21019458770752,1000,0.001,,,10.0,140.0,41.0
,64,3,0.1736601119197836,6,87.47955751419067,1000,0.001,,,50.0,140.0,41.0
,64,3,0.2178637919224999,0,7.859811067581177,1000,0.01,,,2.0,140.0,41.0
,64,3,0.1695371626980997,0,18.544076681137085,1000,0.01,,,10.0,140.0,41.0
,64,3,0.1369556342602232,8,83.4115240573883,1000,0.01,,,50.0,140.0,41.0
,64,2,0.1811831126979095,0,10.687670946121216,1000,0.001,,0.003,,140.0,41.0
,64,2,0.1844556601568623,6,15.040685892105104,1000,0.001,,0.01,,140.0,41.0
,64,2,0.1914313109376319,4,10.595777988433838,1000,0.01,,0.003,,140.0,41.0
,64,2,0.2091958118308433,4,15.101009607315063,1000,0.01,,0.01,,140.0,41.0
,64,3,0.1485282131935749,1,10.529081344604492,1000,0.001,,0.003,,140.0,41.0
,64,3,0.1738308503012922,3,14.943021535873411,1000,0.001,,0.01,,140.0,41.0
,64,3,0.1497252962636124,2,10.843098163604736,1000,0.01,,0.003,,140.0,41.0
,64,3,0.206765106666886,5,14.847936630249023,1000,0.01,,0.01,,140.0,41.0
,64,2,0.2203339668657252,0,10.598938465118408,1000,0.001,,0.003,,140.0,40.0
,64,2,0.1179466713164856,9,14.94634747505188,1000,0.001,,0.01,,140.0,40.0
,64,2,0.1736629188749311,0,9.016036987304688,1000,0.01,,0.003,,140.0,40.0
,64,2,0.205630397134578,6,14.683054685592651,1000,0.01,,0.01,,140.0,40.0
,64,3,0.1853060509830123,0,11.245793581008911,1000,0.001,,0.003,,140.0,40.0
,64,3,0.1132025344496079,5,15.249402046203612,1000,0.001,,0.01,,140.0,40.0
,64,3,0.1722049916327238,2,11.28433394432068,1000,0.01,,0.003,,140.0,40.0
,64,3,0.1707512076088108,3,14.958274364471436,1000,0.01,,0.01,,140.0,40.0
,64,2,0.1547345244450684,0,10.872608423233032,1000,0.001,,0.003,,140.0,42.0
,64,2,0.1712283332868115,3,15.091752767562866,1000,0.001,,0.01,,140.0,42.0
,64,2,0.1727236562451038,3,10.737692594528198,1000,0.01,,0.003,,140.0,42.0
,64,2,0.1387976612657352,5,14.739527463912964,1000,0.01,,0.01,,140.0,42.0
,64,3,0.1502096439813498,2,10.49915051460266,1000,0.001,,0.003,,140.0,42.0
,64,3,0.1786497582263269,4,14.84647512435913,1000,0.001,,0.01,,140.0,42.0
,64,3,0.1715322255773449,1,10.370753049850464,1000,0.01,,0.003,,140.0,42.0
,64,3,0.15690079273471355,5,15.071467638015747,1000,0.01,,0.01,,140.0,42.0
